,thld,MAE,MAE_no
0,25.0,0.03379168712155561,0.12441646863373076
